relationship_id,commodity,currency,fx_symbol,relationship_type,selection_year,lookback_start,lookback_end,trailing_trades,trailing_winning_trades,trailing_win_rate_pct,trailing_total_notional_usd,trailing_gross_pnl_usd,trailing_transaction_cost_usd,trailing_net_pnl_usd,trailing_net_return_on_notional_pct,trailing_net_profit_factor,passes_trade_count,passes_net_return,passes_profit_factor,selected,all_relationships_weight,rolling_hard_filter_weight,rolling_soft_weight_weight
Aluminum__AUD__FX:AUDUSD,Aluminum,AUD,FX:AUDUSD,industrial_metal,2019,2017-01-01,2018-12-31,17.0,8.0,47.05882352941176,19094.328483702266,-8.522124524666468,3.8188656967404526,-12.340990221406924,-0.06463170585936252,0.7238971030407471,0,0,0,0,1.0,0.0,0.5
Brent Oil__CAD__DERIVED:CADUSD,Brent Oil,CAD,DERIVED:CADUSD,exporter,2019,2017-01-01,2018-12-31,37.0,14.0,37.83783783783784,15734.244191056801,-16.437443186405645,3.1468488382113593,-19.584292024617003,-0.12446922640077324,0.40749157870856534,1,0,0,0,1.0,0.0,0.5
Cattle__AUD__FX:AUDUSD,Cattle,AUD,FX:AUDUSD,agri_exporter,2019,2017-01-01,2018-12-31,41.0,24.0,58.536585365853654,37851.90367920515,51.59756130725168,7.570380735841029,44.02718057141067,0.11631430996057948,1.4365265902758082,1,1,1,1,1.0,1.0,1.0
Coal__AUD__FX:AUDUSD,Coal,AUD,FX:AUDUSD,exporter,2019,2017-01-01,2018-12-31,41.0,21.0,51.21951219512195,48850.40407751934,50.88498900496958,9.770080815503869,41.11490818946571,0.08416492957606166,1.3171228736773362,1,1,1,1,1.0,1.0,1.0
Cocoa__GBP__FX:GBPUSD,Cocoa,GBP,FX:GBPUSD,market_center_experimental,2019,2017-01-01,2018-12-31,169.0,74.0,43.786982248520715,97075.373208354,-71.67502433358177,19.4150746416708,-91.09009897525257,-0.09383440512738986,0.729337826032977,1,0,0,0,1.0,0.0,0.5
Coffee__BRL__FX_IDC:BRLUSD,Coffee,BRL,FX_IDC:BRLUSD,exporter,2019,2017-01-01,2018-12-31,54.0,21.0,38.88888888888889,33072.021814394575,-102.35774230388408,6.614404362878913,-108.972146666763,-0.3294995004488445,0.5026969523582795,1,0,0,0,1.0,0.0,0.5
Copper__AUD__FX:AUDUSD,Copper,AUD,FX:AUDUSD,exporter_china_demand,2019,2017-01-01,2018-12-31,32.0,15.0,46.875,28351.449767237908,26.295735075723783,5.670289953447583,20.625445122276197,0.07274917258767609,1.3524753435072667,1,1,1,1,1.0,1.0,1.0
Corn__BRL__FX_IDC:BRLUSD,Corn,BRL,FX_IDC:BRLUSD,exporter,2019,2017-01-01,2018-12-31,46.0,23.0,50.0,44568.01330175239,49.006459747866565,8.913602660350477,40.092857087516094,0.08995881601466778,1.343472006628031,1,1,1,1,1.0,1.0,1.0
Cotton__USD__FX:EURUSD,Cotton,USD,FX:EURUSD,usd_inverse_macro,2019,2017-01-01,2018-12-31,62.0,34.0,54.83870967741935,39726.83989341262,26.484091633195114,7.945367978682523,18.538723654512605,0.046665487877344695,1.2181771273845443,1,1,1,1,1.0,1.0,1.0
Crude Oil__CAD__DERIVED:CADUSD,Crude Oil,CAD,DERIVED:CADUSD,exporter,2019,2017-01-01,2018-12-31,42.0,23.0,54.761904761904766,17592.323106119507,19.39403712927247,3.518464621223902,15.875572508048565,0.0902414786966153,1.423480492966116,1,1,1,1,1.0,1.0,1.0
Gasoline__CAD__DERIVED:CADUSD,Gasoline,CAD,DERIVED:CADUSD,energy_exporter,2019,2017-01-01,2018-12-31,35.0,20.0,57.14285714285714,34761.58792910202,53.05744096659159,6.952317585820403,46.10512338077118,0.13263238570920544,1.7141641009097617,1,1,1,1,1.0,1.0,1.0
Gold__AUD__FX:AUDUSD,Gold,AUD,FX:AUDUSD,exporter,2019,2017-01-01,2018-12-31,19.0,11.0,57.89473684210527,21185.463000749285,64.41094031721757,4.2370926001498574,60.17384771706771,0.28403366834578736,2.7556605910237306,0,1,1,0,1.0,0.0,0.5
Gold__USD__FX:EURUSD,Gold,USD,FX:EURUSD,usd_inverse_macro,2019,2017-01-01,2018-12-31,58.0,25.0,43.103448275862064,37388.40123802261,-19.630244147454672,7.477680247604522,-27.107924395059186,-0.07250356660742005,0.7377319140309895,1,0,0,0,1.0,0.0,0.5
Heating Oil__CAD__DERIVED:CADUSD,Heating Oil,CAD,DERIVED:CADUSD,energy_exporter,2019,2017-01-01,2018-12-31,29.0,18.0,62.06896551724138,30044.14892413146,24.5001432277585,6.008829784826292,18.4913134429322,0.06154713681398369,1.3189455456837,1,1,1,1,1.0,1.0,1.0
Iron Ore__AUD__FX:AUDUSD,Iron Ore,AUD,FX:AUDUSD,exporter,2019,2017-01-01,2018-12-31,21.0,8.0,38.095238095238095,14497.819016437918,-21.48229520855365,2.8995638032875837,-24.381859011841236,-0.16817604761237945,0.5283795785212083,1,0,0,0,1.0,0.0,0.5
Iron Ore__BRL__FX_IDC:BRLUSD,Iron Ore,BRL,FX_IDC:BRLUSD,exporter,2019,2017-01-01,2018-12-31,38.0,25.0,65.78947368421053,26223.068456129342,121.67072862122446,5.2446136912258705,116.42611492999858,0.44398356784514786,2.3391660026999457,1,1,1,1,1.0,1.0,1.0
LNG__AUD__FX:AUDUSD,LNG,AUD,FX:AUDUSD,exporter,2019,2017-01-01,2018-12-31,0.0,0.0,0.0,0.0,0.0,0.0,0.0,0.0,0.0,0,0,0,0,1.0,0.0,0.5
LNG__CAD__DERIVED:CADUSD,LNG,CAD,DERIVED:CADUSD,exporter,2019,2017-01-01,2018-12-31,0.0,0.0,0.0,0.0,0.0,0.0,0.0,0.0,0.0,0,0,0,0,1.0,0.0,0.5
Lithium Hydroxide__AUD__FX:AUDUSD,Lithium Hydroxide,AUD,FX:AUDUSD,exporter,2019,2017-01-01,2018-12-31,0.0,0.0,0.0,0.0,0.0,0.0,0.0,0.0,0.0,0,0,0,0,1.0,0.0,0.5
Lithium__AUD__FX:AUDUSD,Lithium,AUD,FX:AUDUSD,exporter,2019,2017-01-01,2018-12-31,38.0,20.0,52.63157894736842,29996.873896081193,-27.964654735964587,5.999374779216238,-33.96402951518082,-0.11322523017846169,0.6896831101070786,1,0,0,0,1.0,0.0,0.5
Lumber__CAD__DERIVED:CADUSD,Lumber,CAD,DERIVED:CADUSD,exporter,2019,2017-01-01,2018-12-31,0.0,0.0,0.0,0.0,0.0,0.0,0.0,0.0,0.0,0,0,0,0,1.0,0.0,0.5
Natural Gas__CAD__DERIVED:CADUSD,Natural Gas,CAD,DERIVED:CADUSD,exporter,2019,2017-01-01,2018-12-31,31.0,21.0,67.74193548387096,21621.11051155192,19.038547769662667,4.324222102310383,14.714325667352288,0.06805536496143705,1.4147179929747677,1,1,1,1,1.0,1.0,1.0
Nickel__AUD__FX:AUDUSD,Nickel,AUD,FX:AUDUSD,industrial_metal,2019,2017-01-01,2018-12-31,0.0,0.0,0.0,0.0,0.0,0.0,0.0,0.0,0.0,0,0,0,0,1.0,0.0,0.5
Palladium__USD__FX:EURUSD,Palladium,USD,FX:EURUSD,usd_inverse_macro,2019,2017-01-01,2018-12-31,39.0,16.0,41.02564102564102,30084.97465446197,-33.792806647929325,6.016994930892394,-39.80980157882172,-0.1323245308864418,0.5460515073614248,1,0,0,0,1.0,0.0,0.5
Platinum__USD__FX:EURUSD,Platinum,USD,FX:EURUSD,usd_inverse_macro,2019,2017-01-01,2018-12-31,21.0,13.0,61.904761904761905,16298.01373890425,16.85573749653683,3.259602747780851,13.596134748755983,0.08342203514224109,1.4034527537298083,1,1,1,1,1.0,1.0,1.0
Silver__USD__FX:EURUSD,Silver,USD,FX:EURUSD,usd_inverse_macro,2019,2017-01-01,2018-12-31,13.0,6.0,46.15384615384615,14505.107196208015,5.424262852060445,2.901021439241603,2.523241412818841,0.017395537852201996,1.1218230459809002,0,1,1,0,1.0,0.0,0.5
Soybeans__BRL__FX_IDC:BRLUSD,Soybeans,BRL,FX_IDC:BRLUSD,exporter,2019,2017-01-01,2018-12-31,36.0,15.0,41.66666666666667,40156.08160384334,-7.857423513646079,8.031216320768666,-15.888639834414759,-0.039567206758774134,0.9039160083171678,1,0,0,0,1.0,0.0,0.5
Sugar__BRL__FX_IDC:BRLUSD,Sugar,BRL,FX_IDC:BRLUSD,exporter,2019,2017-01-01,2018-12-31,44.0,26.0,59.09090909090909,54750.05698235902,46.100452743539286,10.950011396471803,35.150441347067485,0.06420165253598419,1.134187554855207,1,1,1,1,1.0,1.0,1.0
Uranium__AUD__FX:AUDUSD,Uranium,AUD,FX:AUDUSD,resource_exporter,2019,2017-01-01,2018-12-31,18.0,10.0,55.55555555555556,13370.654752301607,21.445174162683138,2.6741309504603215,18.771043212222818,0.14038985793864428,1.5981331823113076,0,1,1,0,1.0,0.0,0.5
Uranium__CAD__DERIVED:CADUSD,Uranium,CAD,DERIVED:CADUSD,resource_exporter,2019,2017-01-01,2018-12-31,41.0,21.0,51.21951219512195,43755.32171126113,2.497249961144627,8.751064342252224,-6.253814381107604,-0.014292694320421566,0.9475865946728663,1,0,0,0,1.0,0.0,0.5
Wheat__USD__FX:EURUSD,Wheat,USD,FX:EURUSD,usd_inverse_macro,2019,2017-01-01,2018-12-31,51.0,22.0,43.13725490196079,40929.08374531077,-67.43713006612003,8.185816749062152,-75.62294681518217,-0.18476579462604334,0.49480654954420406,1,0,0,0,1.0,0.0,0.5
Zinc__AUD__FX:AUDUSD,Zinc,AUD,FX:AUDUSD,industrial_metal,2019,2017-01-01,2018-12-31,0.0,0.0,0.0,0.0,0.0,0.0,0.0,0.0,0.0,0,0,0,0,1.0,0.0,0.5
Aluminum__AUD__FX:AUDUSD,Aluminum,AUD,FX:AUDUSD,industrial_metal,2020,2018-01-01,2019-12-31,5.0,3.0,60.0,4812.347246346803,14.272145403373717,0.9624694492693607,13.309675954104353,0.2765734738740669,5.208343674689459,0,1,1,0,1.0,0.0,0.5
Brent Oil__CAD__DERIVED:CADUSD,Brent Oil,CAD,DERIVED:CADUSD,exporter,2020,2018-01-01,2019-12-31,31.0,11.0,35.483870967741936,14455.045765758885,-30.030450451488274,2.891009153151777,-32.92145960464005,-0.2277506424962307,0.2700628209927677,1,0,0,0,1.0,0.0,0.5
Cattle__AUD__FX:AUDUSD,Cattle,AUD,FX:AUDUSD,agri_exporter,2020,2018-01-01,2019-12-31,36.0,22.0,61.111111111111114,31934.259752320126,74.83666895435351,6.386851950464025,68.4498170038895,0.2143460269152361,2.0339055935807937,1,1,1,1,1.0,1.0,1.0
Coal__AUD__FX:AUDUSD,Coal,AUD,FX:AUDUSD,exporter,2020,2018-01-01,2019-12-31,45.0,20.0,44.44444444444444,43118.215493823416,23.989156234150748,8.623643098764683,15.365513135386061,0.035635781674654726,1.1454734017545196,1,1,1,1,1.0,1.0,1.0
Cocoa__GBP__FX:GBPUSD,Cocoa,GBP,FX:GBPUSD,market_center_experimental,2020,2018-01-01,2019-12-31,170.0,81.0,47.647058823529406,94087.14074349674,44.282344662654836,18.81742814869935,25.46491651395548,0.027065246443590756,1.1101244172678033,1,1,1,1,1.0,1.0,1.0
Coffee__BRL__FX_IDC:BRLUSD,Coffee,BRL,FX_IDC:BRLUSD,exporter,2020,2018-01-01,2019-12-31,63.0,28.0,44.44444444444444,49453.993666321265,-171.75672324398437,9.890798733264255,-181.6475219772486,-0.3673060727974183,0.5053531709476401,1,0,0,0,1.0,0.0,0.5
Copper__AUD__FX:AUDUSD,Copper,AUD,FX:AUDUSD,exporter_china_demand,2020,2018-01-01,2019-12-31,28.0,8.0,28.57142857142857,22074.71672737717,-46.33531801357482,4.414943345475434,-50.750261359050256,-0.22990220887459695,0.36919904529208564,1,0,0,0,1.0,0.0,0.5
Corn__BRL__FX_IDC:BRLUSD,Corn,BRL,FX_IDC:BRLUSD,exporter,2020,2018-01-01,2019-12-31,31.0,19.0,61.29032258064516,26278.69244050619,88.73349446069531,5.255738488101238,83.47775597259405,0.31766327857287435,2.6456133677896037,1,1,1,1,1.0,1.0,1.0
Cotton__USD__FX:EURUSD,Cotton,USD,FX:EURUSD,usd_inverse_macro,2020,2018-01-01,2019-12-31,65.0,34.0,52.307692307692314,48573.258349152224,9.289093664502646,9.714651669830443,-0.4255580053278032,-0.0008761158295554836,0.9957354431219727,1,0,0,0,1.0,0.0,0.5
Crude Oil__CAD__DERIVED:CADUSD,Crude Oil,CAD,DERIVED:CADUSD,exporter,2020,2018-01-01,2019-12-31,50.0,22.0,44.0,28523.418852892355,-29.865812478966788,5.704683770578471,-35.57049624954525,-0.12470628585232972,0.5509484343146611,1,0,0,0,1.0,0.0,0.5
Gasoline__CAD__DERIVED:CADUSD,Gasoline,CAD,DERIVED:CADUSD,energy_exporter,2020,2018-01-01,2019-12-31,22.0,10.0,45.45454545454545,17916.627855246905,-15.267078084363567,3.5833255710493805,-18.85040365541295,-0.10521178319776614,0.4545371078018796,1,0,0,0,1.0,0.0,0.5
Gold__AUD__FX:AUDUSD,Gold,AUD,FX:AUDUSD,exporter,2020,2018-01-01,2019-12-31,14.0,5.0,35.714285714285715,15167.609141770956,15.278787569106717,3.033521828354191,12.245265740752524,0.0807329990263896,1.3154303098236502,0,1,1,0,1.0,0.0,0.5
Gold__USD__FX:EURUSD,Gold,USD,FX:EURUSD,usd_inverse_macro,2020,2018-01-01,2019-12-31,51.0,26.0,50.98039215686274,31784.656481130787,3.2176966421697992,6.356931296226157,-3.1392346540563425,-0.009876572540338682,0.9570737446553433,1,0,0,0,1.0,0.0,0.5
Heating Oil__CAD__DERIVED:CADUSD,Heating Oil,CAD,DERIVED:CADUSD,energy_exporter,2020,2018-01-01,2019-12-31,36.0,16.0,44.44444444444444,40029.82851484977,-20.935383762277713,8.005965702969954,-28.94134946524766,-0.07229945902593952,0.7202620040978002,1,0,0,0,1.0,0.0,0.5
Iron Ore__AUD__FX:AUDUSD,Iron Ore,AUD,FX:AUDUSD,exporter,2020,2018-01-01,2019-12-31,32.0,10.0,31.25,29734.255172020155,-19.23843716227033,5.94685103440403,-25.18528819667436,-0.08470125803041349,0.7248915341578487,1,0,0,0,1.0,0.0,0.5
Iron Ore__BRL__FX_IDC:BRLUSD,Iron Ore,BRL,FX_IDC:BRLUSD,exporter,2020,2018-01-01,2019-12-31,51.0,28.0,54.90196078431373,38165.88305736501,13.037287440747832,7.633176611473002,5.404110829274824,0.014159533060330888,1.0389314385110702,1,1,1,1,1.0,1.0,1.0
LNG__AUD__FX:AUDUSD,LNG,AUD,FX:AUDUSD,exporter,2020,2018-01-01,2019-12-31,0.0,0.0,0.0,0.0,0.0,0.0,0.0,0.0,0.0,0,0,0,0,1.0,0.0,0.5
LNG__CAD__DERIVED:CADUSD,LNG,CAD,DERIVED:CADUSD,exporter,2020,2018-01-01,2019-12-31,0.0,0.0,0.0,0.0,0.0,0.0,0.0,0.0,0.0,0,0,0,0,1.0,0.0,0.5
Lithium Hydroxide__AUD__FX:AUDUSD,Lithium Hydroxide,AUD,FX:AUDUSD,exporter,2020,2018-01-01,2019-12-31,0.0,0.0,0.0,0.0,0.0,0.0,0.0,0.0,0.0,0,0,0,0,1.0,0.0,0.5
Lithium__AUD__FX:AUDUSD,Lithium,AUD,FX:AUDUSD,exporter,2020,2018-01-01,2019-12-31,35.0,22.0,62.857142857142854,30579.490338177548,61.08708013118159,6.11589806763551,54.971182063546095,0.17976487330436725,1.7941255190683225,1,1,1,1,1.0,1.0,1.0
Lumber__CAD__DERIVED:CADUSD,Lumber,CAD,DERIVED:CADUSD,exporter,2020,2018-01-01,2019-12-31,0.0,0.0,0.0,0.0,0.0,0.0,0.0,0.0,0.0,0,0,0,0,1.0,0.0,0.5
Natural Gas__CAD__DERIVED:CADUSD,Natural Gas,CAD,DERIVED:CADUSD,exporter,2020,2018-01-01,2019-12-31,35.0,23.0,65.71428571428571,31539.395388311226,-10.935796347468447,6.307879077662246,-17.243675425130686,-0.054673449547233056,0.745323248408656,1,0,0,0,1.0,0.0,0.5
Nickel__AUD__FX:AUDUSD,Nickel,AUD,FX:AUDUSD,industrial_metal,2020,2018-01-01,2019-12-31,0.0,0.0,0.0,0.0,0.0,0.0,0.0,0.0,0.0,0,0,0,0,1.0,0.0,0.5
Palladium__USD__FX:EURUSD,Palladium,USD,FX:EURUSD,usd_inverse_macro,2020,2018-01-01,2019-12-31,46.0,21.0,45.65217391304348,32620.582920157525,-11.490130318338162,6.524116584031506,-18.014246902369678,-0.055223559145038986,0.7344223498889222,1,0,0,0,1.0,0.0,0.5
Platinum__USD__FX:EURUSD,Platinum,USD,FX:EURUSD,usd_inverse_macro,2020,2018-01-01,2019-12-31,22.0,9.0,40.909090909090914,18168.06509117369,-6.085258452766286,3.633613018234738,-9.718871471001018,-0.05349425721577025,0.7477990319939872,1,0,0,0,1.0,0.0,0.5
Silver__USD__FX:EURUSD,Silver,USD,FX:EURUSD,usd_inverse_macro,2020,2018-01-01,2019-12-31,15.0,5.0,33.33333333333333,16691.414570541878,-1.1127388491769894,3.3382829141083756,-4.451021763285365,-0.02666653413031167,0.8357737874945146,0,0,0,0,1.0,0.0,0.5
Soybeans__BRL__FX_IDC:BRLUSD,Soybeans,BRL,FX_IDC:BRLUSD,exporter,2020,2018-01-01,2019-12-31,36.0,15.0,41.66666666666667,36360.309302554655,-38.045920461474566,7.272061860510931,-45.3179823219855,-0.12463585484076585,0.7227161305002132,1,0,0,0,1.0,0.0,0.5
Sugar__BRL__FX_IDC:BRLUSD,Sugar,BRL,FX_IDC:BRLUSD,exporter,2020,2018-01-01,2019-12-31,44.0,25.0,56.81818181818182,56256.68500195915,31.79822669407219,11.251337000391832,20.546889693680342,0.03652346328790044,1.1048257516282673,1,1,1,1,1.0,1.0,1.0
Uranium__AUD__FX:AUDUSD,Uranium,AUD,FX:AUDUSD,resource_exporter,2020,2018-01-01,2019-12-31,23.0,11.0,47.82608695652174,16277.48030328291,21.125369074953724,3.2554960606565824,17.869873014297134,0.1097827961167495,1.4954589709723842,1,1,1,1,1.0,1.0,1.0
Uranium__CAD__DERIVED:CADUSD,Uranium,CAD,DERIVED:CADUSD,resource_exporter,2020,2018-01-01,2019-12-31,40.0,21.0,52.5,44742.27661133497,-7.435891657681346,8.948455322266994,-16.384346979948347,-0.03661938600548893,0.8609250286465341,1,0,0,0,1.0,0.0,0.5
Wheat__USD__FX:EURUSD,Wheat,USD,FX:EURUSD,usd_inverse_macro,2020,2018-01-01,2019-12-31,55.0,25.0,45.45454545454545,41660.59588398246,1.4381877143091486,8.33211917679649,-6.893931462487337,-0.016547846511091056,0.9257231668155289,1,0,0,0,1.0,0.0,0.5
Zinc__AUD__FX:AUDUSD,Zinc,AUD,FX:AUDUSD,industrial_metal,2020,2018-01-01,2019-12-31,0.0,0.0,0.0,0.0,0.0,0.0,0.0,0.0,0.0,0,0,0,0,1.0,0.0,0.5
Aluminum__AUD__FX:AUDUSD,Aluminum,AUD,FX:AUDUSD,industrial_metal,2021,2019-01-01,2020-12-31,25.0,13.0,52.0,20501.515545661514,-13.707631488819077,4.100303109132303,-17.807934597951377,-0.08686155205593986,0.7510183187550189,1,0,0,0,1.0,0.0,0.5
Brent Oil__CAD__DERIVED:CADUSD,Brent Oil,CAD,DERIVED:CADUSD,exporter,2021,2019-01-01,2020-12-31,41.0,22.0,53.65853658536586,25611.236074245986,38.50222078116118,5.122247214849199,33.379973566311975,0.13033331725788133,1.754053029303232,1,1,1,1,1.0,1.0,1.0
Cattle__AUD__FX:AUDUSD,Cattle,AUD,FX:AUDUSD,agri_exporter,2021,2019-01-01,2020-12-31,18.0,8.0,44.44444444444444,15766.566993701306,4.9510037725627445,3.153313398740261,1.797690373822491,0.011401913774511996,1.0410979263836408,0,1,1,0,1.0,0.0,0.5
Coal__AUD__FX:AUDUSD,Coal,AUD,FX:AUDUSD,exporter,2021,2019-01-01,2020-12-31,38.0,19.0,50.0,39326.77530102975,-9.523927586020143,7.8653550602059505,-17.389282646226114,-0.04421741297911803,0.8939709190113885,1,0,0,0,1.0,0.0,0.5
Cocoa__GBP__FX:GBPUSD,Cocoa,GBP,FX:GBPUSD,market_center_experimental,2021,2019-01-01,2020-12-31,162.0,93.0,57.407407407407405,96303.03474362039,124.44345787097315,19.260606948724078,105.18285092224909,0.10922070234055313,1.4519754803357514,1,1,1,1,1.0,1.0,1.0
Coffee__BRL__FX_IDC:BRLUSD,Coffee,BRL,FX_IDC:BRLUSD,exporter,2021,2019-01-01,2020-12-31,71.0,35.0,49.29577464788733,52156.41292705867,-113.03121809476336,10.431282585411733,-123.4625006801751,-0.23671585860944613,0.6635113753776287,1,0,0,0,1.0,0.0,0.5
Copper__AUD__FX:AUDUSD,Copper,AUD,FX:AUDUSD,exporter_china_demand,2021,2019-01-01,2020-12-31,41.0,20.0,48.78048780487805,30871.343477248694,78.40677999374628,6.174268695449739,72.23251129829652,0.23397916372356722,1.7936731551766294,1,1,1,1,1.0,1.0,1.0
Corn__BRL__FX_IDC:BRLUSD,Corn,BRL,FX_IDC:BRLUSD,exporter,2021,2019-01-01,2020-12-31,30.0,16.0,53.333333333333336,22764.213034268556,116.62810745173125,4.5528426068537104,112.07526484487752,0.49233094364458296,2.9297994681088455,1,1,1,1,1.0,1.0,1.0
Cotton__USD__FX:EURUSD,Cotton,USD,FX:EURUSD,usd_inverse_macro,2021,2019-01-01,2020-12-31,63.0,37.0,58.730158730158735,46541.83185102372,65.2869682121719,9.308366370204743,55.978601841967176,0.12027588862670836,1.7365171450846568,1,1,1,1,1.0,1.0,1.0
Crude Oil__CAD__DERIVED:CADUSD,Crude Oil,CAD,DERIVED:CADUSD,exporter,2021,2019-01-01,2020-12-31,46.0,22.0,47.82608695652174,33068.7364291014,-9.704680301775523,6.6137472858202795,-16.31842758759581,-0.0493469946231001,0.803249145119708,1,0,0,0,1.0,0.0,0.5
Gasoline__CAD__DERIVED:CADUSD,Gasoline,CAD,DERIVED:CADUSD,energy_exporter,2021,2019-01-01,2020-12-31,26.0,15.0,57.692307692307686,23338.331154081363,-9.630782703072715,4.667666230816273,-14.298448933888988,-0.06126594416494301,0.7741754376145449,1,0,0,0,1.0,0.0,0.5
Gold__AUD__FX:AUDUSD,Gold,AUD,FX:AUDUSD,exporter,2021,2019-01-01,2020-12-31,17.0,4.0,23.52941176470588,18532.99034376368,-7.289545096862954,3.706598068752736,-10.996143165615688,-0.05933280577851201,0.819625051955228,0,0,0,0,1.0,0.0,0.5
Gold__USD__FX:EURUSD,Gold,USD,FX:EURUSD,usd_inverse_macro,2021,2019-01-01,2020-12-31,52.0,30.0,57.692307692307686,37321.68592867782,11.1361728262126,7.464337185735565,3.6718356404770365,0.009838343443256979,1.0598857450348493,1,1,1,1,1.0,1.0,1.0
Heating Oil__CAD__DERIVED:CADUSD,Heating Oil,CAD,DERIVED:CADUSD,energy_exporter,2021,2019-01-01,2020-12-31,31.0,13.0,41.935483870967744,34887.53089056905,2.951814354977426,6.977506178113808,-4.025691823136386,-0.011539056277051206,0.9533495845689091,1,0,0,0,1.0,0.0,0.5
Iron Ore__AUD__FX:AUDUSD,Iron Ore,AUD,FX:AUDUSD,exporter,2021,2019-01-01,2020-12-31,29.0,9.0,31.03448275862069,29786.761215020735,-18.033726302277998,5.957352243004148,-23.99107854528215,-0.08054275646854829,0.75685467203424,1,0,0,0,1.0,0.0,0.5
Iron Ore__BRL__FX_IDC:BRLUSD,Iron Ore,BRL,FX_IDC:BRLUSD,exporter,2021,2019-01-01,2020-12-31,45.0,26.0,57.77777777777777,41259.855778556725,149.6178144042086,8.251971155711344,141.36584324849724,0.3426232122749369,2.382450417097921,1,1,1,1,1.0,1.0,1.0
LNG__AUD__FX:AUDUSD,LNG,AUD,FX:AUDUSD,exporter,2021,2019-01-01,2020-12-31,0.0,0.0,0.0,0.0,0.0,0.0,0.0,0.0,0.0,0,0,0,0,1.0,0.0,0.5
LNG__CAD__DERIVED:CADUSD,LNG,CAD,DERIVED:CADUSD,exporter,2021,2019-01-01,2020-12-31,0.0,0.0,0.0,0.0,0.0,0.0,0.0,0.0,0.0,0,0,0,0,1.0,0.0,0.5
Lithium Hydroxide__AUD__FX:AUDUSD,Lithium Hydroxide,AUD,FX:AUDUSD,exporter,2021,2019-01-01,2020-12-31,0.0,0.0,0.0,0.0,0.0,0.0,0.0,0.0,0.0,0,0,0,0,1.0,0.0,0.5
Lithium__AUD__FX:AUDUSD,Lithium,AUD,FX:AUDUSD,exporter,2021,2019-01-01,2020-12-31,31.0,21.0,67.74193548387096,35712.88689558613,74.50128118611981,7.142577379117225,67.35870380700258,0.18861175800192076,1.9150971535125025,1,1,1,1,1.0,1.0,1.0
Lumber__CAD__DERIVED:CADUSD,Lumber,CAD,DERIVED:CADUSD,exporter,2021,2019-01-01,2020-12-31,0.0,0.0,0.0,0.0,0.0,0.0,0.0,0.0,0.0,0,0,0,0,1.0,0.0,0.5
Natural Gas__CAD__DERIVED:CADUSD,Natural Gas,CAD,DERIVED:CADUSD,exporter,2021,2019-01-01,2020-12-31,26.0,15.0,57.692307692307686,25731.727744923613,1.9905469630014365,5.146345548984723,-3.1557985859832947,-0.012264231213956762,0.945288188292193,1,0,0,0,1.0,0.0,0.5
Nickel__AUD__FX:AUDUSD,Nickel,AUD,FX:AUDUSD,industrial_metal,2021,2019-01-01,2020-12-31,0.0,0.0,0.0,0.0,0.0,0.0,0.0,0.0,0.0,0,0,0,0,1.0,0.0,0.5
Palladium__USD__FX:EURUSD,Palladium,USD,FX:EURUSD,usd_inverse_macro,2021,2019-01-01,2020-12-31,43.0,21.0,48.837209302325576,31481.241659495878,35.63991784298202,6.296248331899178,29.343669511082854,0.09321001321506563,1.5705592879828458,1,1,1,1,1.0,1.0,1.0
Platinum__USD__FX:EURUSD,Platinum,USD,FX:EURUSD,usd_inverse_macro,2021,2019-01-01,2020-12-31,32.0,14.0,43.75,25275.99159537333,-40.01030749182564,5.055198319074665,-45.06550581090031,-0.17829372050886969,0.4145952247258097,1,0,0,0,1.0,0.0,0.5
Silver__USD__FX:EURUSD,Silver,USD,FX:EURUSD,usd_inverse_macro,2021,2019-01-01,2020-12-31,15.0,5.0,33.33333333333333,12648.164204478533,8.62125409729157,2.529632840895706,6.0916212563958645,0.04816209813467561,1.274823337886269,0,1,1,0,1.0,0.0,0.5
Soybeans__BRL__FX_IDC:BRLUSD,Soybeans,BRL,FX_IDC:BRLUSD,exporter,2021,2019-01-01,2020-12-31,35.0,17.0,48.57142857142857,36210.448443251145,-11.614698526849025,7.242089688650229,-18.85678821549925,-0.05207554456292229,0.8930528910859473,1,0,0,0,1.0,0.0,0.5
Sugar__BRL__FX_IDC:BRLUSD,Sugar,BRL,FX_IDC:BRLUSD,exporter,2021,2019-01-01,2020-12-31,44.0,23.0,52.27272727272727,52750.35825562877,-46.8133025460708,10.550071651125753,-57.36337419719655,-0.10874499452536997,0.8120275508512544,1,0,0,0,1.0,0.0,0.5
Uranium__AUD__FX:AUDUSD,Uranium,AUD,FX:AUDUSD,resource_exporter,2021,2019-01-01,2020-12-31,20.0,8.0,40.0,18191.34931852608,8.618359475450971,3.6382698637052155,4.980089611745752,0.027376141948272228,1.1139544005399253,1,1,1,1,1.0,1.0,1.0
Uranium__CAD__DERIVED:CADUSD,Uranium,CAD,DERIVED:CADUSD,resource_exporter,2021,2019-01-01,2020-12-31,40.0,23.0,57.49999999999999,45370.234123283546,24.05073871542614,9.07404682465671,14.976691890769434,0.03300995064313223,1.232584544761646,1,1,1,1,1.0,1.0,1.0
Wheat__USD__FX:EURUSD,Wheat,USD,FX:EURUSD,usd_inverse_macro,2021,2019-01-01,2020-12-31,43.0,21.0,48.837209302325576,31912.36453860743,6.241279967389724,6.382472907721486,-0.14119294033176544,-0.0004424396072592831,0.9975433980558871,1,0,0,0,1.0,0.0,0.5
Zinc__AUD__FX:AUDUSD,Zinc,AUD,FX:AUDUSD,industrial_metal,2021,2019-01-01,2020-12-31,0.0,0.0,0.0,0.0,0.0,0.0,0.0,0.0,0.0,0,0,0,0,1.0,0.0,0.5
Aluminum__AUD__FX:AUDUSD,Aluminum,AUD,FX:AUDUSD,industrial_metal,2022,2020-01-01,2021-12-31,34.0,17.0,50.0,29753.122437074286,-20.85194607256133,5.950624487414856,-26.80257055997617,-0.09008321938869333,0.6866091537766572,1,0,0,0,1.0,0.0,0.5
Brent Oil__CAD__DERIVED:CADUSD,Brent Oil,CAD,DERIVED:CADUSD,exporter,2022,2020-01-01,2021-12-31,51.0,30.0,58.82352941176471,28912.76117058875,73.2847292319476,5.782552234117749,67.50217699782984,0.23346845567449928,4.001341153936718,1,1,1,1,1.0,1.0,1.0
Cattle__AUD__FX:AUDUSD,Cattle,AUD,FX:AUDUSD,agri_exporter,2022,2020-01-01,2021-12-31,18.0,9.0,50.0,14470.076773564064,-15.084772771185563,2.8940153547128133,-17.978788125898372,-0.12424804931750263,0.5835009244835114,0,0,0,0,1.0,0.0,0.5
Coal__AUD__FX:AUDUSD,Coal,AUD,FX:AUDUSD,exporter,2022,2020-01-01,2021-12-31,33.0,16.0,48.484848484848484,41553.1777170734,-76.72311050889583,8.310635543414682,-85.03374605231049,-0.20463837117653644,0.6478255832126145,1,0,0,0,1.0,0.0,0.5
Cocoa__GBP__FX:GBPUSD,Cocoa,GBP,FX:GBPUSD,market_center_experimental,2022,2020-01-01,2021-12-31,161.0,78.0,48.4472049689441,94225.42336442188,1.3428113888307465,18.845084672884376,-17.502273284053615,-0.01857489482043783,0.9374894120262894,1,0,0,0,1.0,0.0,0.5
Coffee__BRL__FX_IDC:BRLUSD,Coffee,BRL,FX_IDC:BRLUSD,exporter,2022,2020-01-01,2021-12-31,61.0,34.0,55.73770491803278,44179.48539732714,-51.39725592871628,8.835897079465429,-60.23315300818171,-0.13633738027158146,0.7833312345024461,1,0,0,0,1.0,0.0,0.5
Copper__AUD__FX:AUDUSD,Copper,AUD,FX:AUDUSD,exporter_china_demand,2022,2020-01-01,2021-12-31,42.0,24.0,57.14285714285714,39913.91733977948,94.76489819438306,7.982783467955898,86.78211472642714,0.21742319599368745,1.720398414196249,1,1,1,1,1.0,1.0,1.0
Corn__BRL__FX_IDC:BRLUSD,Corn,BRL,FX_IDC:BRLUSD,exporter,2022,2020-01-01,2021-12-31,42.0,22.0,52.38095238095239,29805.77658617767,175.72893031219246,5.9611553172355345,169.7677749949569,0.5695801097619653,2.039087020914172,1,1,1,1,1.0,1.0,1.0
Cotton__USD__FX:EURUSD,Cotton,USD,FX:EURUSD,usd_inverse_macro,2022,2020-01-01,2021-12-31,56.0,29.0,51.78571428571429,33718.72246929369,35.00841890030253,6.743744493858737,28.264674406443795,0.08382486742249301,1.3443991303597782,1,1,1,1,1.0,1.0,1.0
Crude Oil__CAD__DERIVED:CADUSD,Crude Oil,CAD,DERIVED:CADUSD,exporter,2022,2020-01-01,2021-12-31,43.0,20.0,46.51162790697674,29811.657817959625,-26.1246402895421,5.962331563591924,-32.086971853134024,-0.10763229622810062,0.6541633333867697,1,0,0,0,1.0,0.0,0.5
Gasoline__CAD__DERIVED:CADUSD,Gasoline,CAD,DERIVED:CADUSD,energy_exporter,2022,2020-01-01,2021-12-31,28.0,15.0,53.57142857142857,28350.239268964193,-13.490754837339983,5.6700478537928385,-19.16080269113283,-0.0675860351983297,0.804052814330349,1,0,0,0,1.0,0.0,0.5
Gold__AUD__FX:AUDUSD,Gold,AUD,FX:AUDUSD,exporter,2022,2020-01-01,2021-12-31,17.0,6.0,35.294117647058826,19573.045457992965,-24.57168738723962,3.9146090915985923,-28.486296478838206,-0.14553839636235746,0.6127347894751155,0,0,0,0,1.0,0.0,0.5
Gold__USD__FX:EURUSD,Gold,USD,FX:EURUSD,usd_inverse_macro,2022,2020-01-01,2021-12-31,58.0,30.0,51.724137931034484,39861.04161296452,-3.1704313432960562,7.972208322592905,-11.14263966588896,-0.02795370922335581,0.851888597906852,1,0,0,0,1.0,0.0,0.5
Heating Oil__CAD__DERIVED:CADUSD,Heating Oil,CAD,DERIVED:CADUSD,energy_exporter,2022,2020-01-01,2021-12-31,21.0,9.0,42.857142857142854,21099.77209444473,10.323752129345324,4.219954418888946,6.103797710456378,0.0289282636946748,1.1404806571176818,1,1,1,1,1.0,1.0,1.0
Iron Ore__AUD__FX:AUDUSD,Iron Ore,AUD,FX:AUDUSD,exporter,2022,2020-01-01,2021-12-31,26.0,10.0,38.46153846153847,25108.819795459614,-15.694128048547608,5.021763959091923,-20.715892007639518,-0.0825044433645007,0.7600396296451758,1,0,0,0,1.0,0.0,0.5
Iron Ore__BRL__FX_IDC:BRLUSD,Iron Ore,BRL,FX_IDC:BRLUSD,exporter,2022,2020-01-01,2021-12-31,41.0,20.0,48.78048780487805,44247.81922570812,-95.1694536982855,8.849563845141622,-104.0190175434271,-0.23508281168124037,0.7177681114549477,1,0,0,0,1.0,0.0,0.5
LNG__AUD__FX:AUDUSD,LNG,AUD,FX:AUDUSD,exporter,2022,2020-01-01,2021-12-31,0.0,0.0,0.0,0.0,0.0,0.0,0.0,0.0,0.0,0,0,0,0,1.0,0.0,0.5
LNG__CAD__DERIVED:CADUSD,LNG,CAD,DERIVED:CADUSD,exporter,2022,2020-01-01,2021-12-31,0.0,0.0,0.0,0.0,0.0,0.0,0.0,0.0,0.0,0,0,0,0,1.0,0.0,0.5
Lithium Hydroxide__AUD__FX:AUDUSD,Lithium Hydroxide,AUD,FX:AUDUSD,exporter,2022,2020-01-01,2021-12-31,4.0,0.0,0.0,5003.135092825416,-40.31512530706369,1.0006270185650832,-41.31575232562877,-0.8257972563018794,0.0,0,0,0,0,1.0,0.0,0.5
Lithium__AUD__FX:AUDUSD,Lithium,AUD,FX:AUDUSD,exporter,2022,2020-01-01,2021-12-31,32.0,21.0,65.625,32126.30780420889,92.20216995936268,6.425261560841777,85.7769083985209,0.2669989621007217,2.4810013673225737,1,1,1,1,1.0,1.0,1.0
Lumber__CAD__DERIVED:CADUSD,Lumber,CAD,DERIVED:CADUSD,exporter,2022,2020-01-01,2021-12-31,0.0,0.0,0.0,0.0,0.0,0.0,0.0,0.0,0.0,0,0,0,0,1.0,0.0,0.5
Natural Gas__CAD__DERIVED:CADUSD,Natural Gas,CAD,DERIVED:CADUSD,exporter,2022,2020-01-01,2021-12-31,35.0,22.0,62.857142857142854,30206.014112281002,47.10081031744105,6.041202822456199,41.059607494984846,0.13593189535818648,1.7483224375817934,1,1,1,1,1.0,1.0,1.0
Nickel__AUD__FX:AUDUSD,Nickel,AUD,FX:AUDUSD,industrial_metal,2022,2020-01-01,2021-12-31,0.0,0.0,0.0,0.0,0.0,0.0,0.0,0.0,0.0,0,0,0,0,1.0,0.0,0.5
Palladium__USD__FX:EURUSD,Palladium,USD,FX:EURUSD,usd_inverse_macro,2022,2020-01-01,2021-12-31,42.0,19.0,45.23809523809524,28721.521145723975,6.253378560559224,5.744304229144795,0.5090743314144257,0.0017724490594754451,1.0075653461750922,1,1,1,1,1.0,1.0,1.0
Platinum__USD__FX:EURUSD,Platinum,USD,FX:EURUSD,usd_inverse_macro,2022,2020-01-01,2021-12-31,29.0,15.0,51.724137931034484,26182.37687408158,-10.676687776645043,5.236475374816316,-15.913163151461353,-0.06077814565114632,0.7464004129981715,1,0,0,0,1.0,0.0,0.5
Silver__USD__FX:EURUSD,Silver,USD,FX:EURUSD,usd_inverse_macro,2022,2020-01-01,2021-12-31,17.0,6.0,35.294117647058826,13009.803401880854,5.688386215705841,2.601960680376171,3.0864255353296732,0.023723844550052636,1.114695338911781,0,1,1,0,1.0,0.0,0.5
Soybeans__BRL__FX_IDC:BRLUSD,Soybeans,BRL,FX_IDC:BRLUSD,exporter,2022,2020-01-01,2021-12-31,36.0,16.0,44.44444444444444,38702.93674590644,-82.79723922427856,7.740587349181284,-90.53782657345981,-0.23393012051736845,0.6421933358042177,1,0,0,0,1.0,0.0,0.5
Sugar__BRL__FX_IDC:BRLUSD,Sugar,BRL,FX_IDC:BRLUSD,exporter,2022,2020-01-01,2021-12-31,44.0,23.0,52.27272727272727,44864.52117004875,12.341152537645407,8.972904234009748,3.3682483036356707,0.007507598912889525,1.0115590178932672,1,1,1,1,1.0,1.0,1.0
Uranium__AUD__FX:AUDUSD,Uranium,AUD,FX:AUDUSD,resource_exporter,2022,2020-01-01,2021-12-31,25.0,11.0,44.0,21728.936102130952,20.64649506110936,4.345787220426192,16.30070784068317,0.07501843515976174,1.3050767387654103,1,1,1,1,1.0,1.0,1.0
Uranium__CAD__DERIVED:CADUSD,Uranium,CAD,DERIVED:CADUSD,resource_exporter,2022,2020-01-01,2021-12-31,40.0,23.0,57.49999999999999,45774.394872200195,87.9461171296038,9.154878974440038,78.79123815516378,0.17212950247653727,2.148240165133054,1,1,1,1,1.0,1.0,1.0
Wheat__USD__FX:EURUSD,Wheat,USD,FX:EURUSD,usd_inverse_macro,2022,2020-01-01,2021-12-31,38.0,18.0,47.368421052631575,28892.470702674444,1.6670712528628133,5.778494140534888,-4.1114228876720755,-0.0142300841280822,0.9303261910348872,1,0,0,0,1.0,0.0,0.5
Zinc__AUD__FX:AUDUSD,Zinc,AUD,FX:AUDUSD,industrial_metal,2022,2020-01-01,2021-12-31,0.0,0.0,0.0,0.0,0.0,0.0,0.0,0.0,0.0,0,0,0,0,1.0,0.0,0.5
Aluminum__AUD__FX:AUDUSD,Aluminum,AUD,FX:AUDUSD,industrial_metal,2023,2021-01-01,2022-12-31,22.0,12.0,54.54545454545454,19980.044484898674,44.040150880341315,3.9960088969797347,40.044141983361584,0.20042068481693204,2.6462338121848687,1,1,1,1,1.0,1.0,1.0
Brent Oil__CAD__DERIVED:CADUSD,Brent Oil,CAD,DERIVED:CADUSD,exporter,2023,2021-01-01,2022-12-31,41.0,22.0,53.65853658536586,18343.896741749923,-18.407094418374953,3.668779348349984,-22.07587376672494,-0.12034451609445226,0.5414465349304669,1,0,0,0,1.0,0.0,0.5
Cattle__AUD__FX:AUDUSD,Cattle,AUD,FX:AUDUSD,agri_exporter,2023,2021-01-01,2022-12-31,30.0,16.0,53.333333333333336,33210.456669510946,-24.768105111434224,6.642091333902188,-31.410196445336418,-0.09457923676843846,0.7899370838886837,1,0,0,0,1.0,0.0,0.5
Coal__AUD__FX:AUDUSD,Coal,AUD,FX:AUDUSD,exporter,2023,2021-01-01,2022-12-31,36.0,14.0,38.88888888888889,46597.65752976271,-174.8713440022097,9.319531505952545,-184.19087550816226,-0.39527925924284163,0.41534496438872565,1,0,0,0,1.0,0.0,0.5
Cocoa__GBP__FX:GBPUSD,Cocoa,GBP,FX:GBPUSD,market_center_experimental,2023,2021-01-01,2022-12-31,157.0,66.0,42.038216560509554,86191.04155122615,28.523407776849545,17.238208310245234,11.285199466604325,0.013093239463752349,1.042390263011353,1,1,1,1,1.0,1.0,1.0
Coffee__BRL__FX_IDC:BRLUSD,Coffee,BRL,FX_IDC:BRLUSD,exporter,2023,2021-01-01,2022-12-31,54.0,28.0,51.85185185185185,49774.78585545281,20.203459885234743,9.954957171090559,10.248502714144216,0.0205897474755715,1.0419079653984644,1,1,1,1,1.0,1.0,1.0
Copper__AUD__FX:AUDUSD,Copper,AUD,FX:AUDUSD,exporter_china_demand,2023,2021-01-01,2022-12-31,29.0,15.0,51.724137931034484,34426.97964256964,-30.50229045299282,6.885395928513927,-37.38768638150674,-0.10859996075658093,0.731376006042632,1,0,0,0,1.0,0.0,0.5
Corn__BRL__FX_IDC:BRLUSD,Corn,BRL,FX_IDC:BRLUSD,exporter,2023,2021-01-01,2022-12-31,53.0,26.0,49.056603773584904,33425.64172891054,34.41763640572966,6.685128345782108,27.732508059947538,0.08296776554019338,1.120047774908733,1,1,1,1,1.0,1.0,1.0
Cotton__USD__FX:EURUSD,Cotton,USD,FX:EURUSD,usd_inverse_macro,2023,2021-01-01,2022-12-31,53.0,24.0,45.28301886792453,34583.27881415818,15.475377393106417,6.916655762831635,8.558721630274789,0.024748149752564532,1.095834567560146,1,1,1,1,1.0,1.0,1.0
Crude Oil__CAD__DERIVED:CADUSD,Crude Oil,CAD,DERIVED:CADUSD,exporter,2023,2021-01-01,2022-12-31,50.0,18.0,36.0,36487.9191262818,-85.27974222174204,7.29758382525636,-92.57732604699838,-0.2537204868455107,0.3406729309885643,1,0,0,0,1.0,0.0,0.5
Gasoline__CAD__DERIVED:CADUSD,Gasoline,CAD,DERIVED:CADUSD,energy_exporter,2023,2021-01-01,2022-12-31,22.0,11.0,50.0,22238.311187128682,2.4878813106043642,4.447662237425736,-1.9597809268213657,-0.008812633793683343,0.9693245135975113,1,0,0,0,1.0,0.0,0.5
Gold__AUD__FX:AUDUSD,Gold,AUD,FX:AUDUSD,exporter,2023,2021-01-01,2022-12-31,19.0,8.0,42.10526315789473,23206.523724928076,-28.170669380727425,4.641304744985615,-32.811974125713036,-0.14139116446151279,0.6485341085249287,0,0,0,0,1.0,0.0,0.5
Gold__USD__FX:EURUSD,Gold,USD,FX:EURUSD,usd_inverse_macro,2023,2021-01-01,2022-12-31,49.0,21.0,42.857142857142854,30393.669479756867,2.053388532877374,6.078733895951374,-4.0253453630739955,-0.013244025588140982,0.9423788527987474,1,0,0,0,1.0,0.0,0.5
Heating Oil__CAD__DERIVED:CADUSD,Heating Oil,CAD,DERIVED:CADUSD,energy_exporter,2023,2021-01-01,2022-12-31,20.0,10.0,50.0,18675.395820708556,44.85583409756177,3.735079164141711,41.12075493342006,0.22018679190629284,2.5199626250483838,1,1,1,1,1.0,1.0,1.0
Iron Ore__AUD__FX:AUDUSD,Iron Ore,AUD,FX:AUDUSD,exporter,2023,2021-01-01,2022-12-31,18.0,10.0,55.55555555555556,19361.274616905073,5.285895103508434,3.8722549233810155,1.413640180127416,0.007301379728858928,1.0244549198385964,0,1,1,0,1.0,0.0,0.5
Iron Ore__BRL__FX_IDC:BRLUSD,Iron Ore,BRL,FX_IDC:BRLUSD,exporter,2023,2021-01-01,2022-12-31,37.0,19.0,51.35135135135135,40190.06374756568,-119.70394490767418,8.038012749513134,-127.74195765718731,-0.31784462562571747,0.6518562184236646,1,0,0,0,1.0,0.0,0.5
LNG__AUD__FX:AUDUSD,LNG,AUD,FX:AUDUSD,exporter,2023,2021-01-01,2022-12-31,0.0,0.0,0.0,0.0,0.0,0.0,0.0,0.0,0.0,0,0,0,0,1.0,0.0,0.5
LNG__CAD__DERIVED:CADUSD,LNG,CAD,DERIVED:CADUSD,exporter,2023,2021-01-01,2022-12-31,0.0,0.0,0.0,0.0,0.0,0.0,0.0,0.0,0.0,0,0,0,0,1.0,0.0,0.5
Lithium Hydroxide__AUD__FX:AUDUSD,Lithium Hydroxide,AUD,FX:AUDUSD,exporter,2023,2021-01-01,2022-12-31,11.0,1.0,9.090909090909092,11504.919268385604,-84.49150361524784,2.300983853677121,-86.79248746892497,-0.7543945806505767,0.13840570235975935,0,0,0,0,1.0,0.0,0.5
Lithium__AUD__FX:AUDUSD,Lithium,AUD,FX:AUDUSD,exporter,2023,2021-01-01,2022-12-31,37.0,22.0,59.45945945945946,31563.63095951853,115.96966883644123,6.312726191903706,109.65694264453755,0.34741548836753433,2.606582236674551,1,1,1,1,1.0,1.0,1.0
Lumber__CAD__DERIVED:CADUSD,Lumber,CAD,DERIVED:CADUSD,exporter,2023,2021-01-01,2022-12-31,14.0,3.0,21.428571428571427,10889.3810359939,-47.30224536944152,2.17787620719878,-49.4801215766403,-0.45438874269426405,0.2842085791150213,0,0,0,0,1.0,0.0,0.5
Natural Gas__CAD__DERIVED:CADUSD,Natural Gas,CAD,DERIVED:CADUSD,exporter,2023,2021-01-01,2022-12-31,44.0,23.0,52.27272727272727,45247.816473047285,19.333614219437635,9.049563294609458,10.284050924828174,0.022728281111540623,1.0996293650946334,1,1,1,1,1.0,1.0,1.0
Nickel__AUD__FX:AUDUSD,Nickel,AUD,FX:AUDUSD,industrial_metal,2023,2021-01-01,2022-12-31,0.0,0.0,0.0,0.0,0.0,0.0,0.0,0.0,0.0,0,0,0,0,1.0,0.0,0.5
Palladium__USD__FX:EURUSD,Palladium,USD,FX:EURUSD,usd_inverse_macro,2023,2021-01-01,2022-12-31,43.0,20.0,46.51162790697674,31093.013830941894,-48.212052418790364,6.218602766188378,-54.43065518497872,-0.17505750803356543,0.49145359104770453,1,0,0,0,1.0,0.0,0.5
Platinum__USD__FX:EURUSD,Platinum,USD,FX:EURUSD,usd_inverse_macro,2023,2021-01-01,2022-12-31,27.0,14.0,51.85185185185185,26317.743863979747,40.393558218020296,5.26354877279595,35.13000944522436,0.1334841224490587,1.8641516661769237,1,1,1,1,1.0,1.0,1.0
Silver__USD__FX:EURUSD,Silver,USD,FX:EURUSD,usd_inverse_macro,2023,2021-01-01,2022-12-31,18.0,6.0,33.33333333333333,15529.22562604247,-16.898616939385388,3.1058451252084933,-20.004462064593884,-0.12881815581999437,0.5723430980749804,0,0,0,0,1.0,0.0,0.5
Soybeans__BRL__FX_IDC:BRLUSD,Soybeans,BRL,FX_IDC:BRLUSD,exporter,2023,2021-01-01,2022-12-31,41.0,16.0,39.02439024390244,42667.061190339286,-117.94892512011447,8.533412238067855,-126.48233735818229,-0.29644023710454315,0.6146326469602127,1,0,0,0,1.0,0.0,0.5
Sugar__BRL__FX_IDC:BRLUSD,Sugar,BRL,FX_IDC:BRLUSD,exporter,2023,2021-01-01,2022-12-31,39.0,17.0,43.58974358974359,38294.4062199207,-129.07500628004036,7.658881243984139,-136.73388752402448,-0.3570596884014243,0.49023937271365936,1,0,0,0,1.0,0.0,0.5
Uranium__AUD__FX:AUDUSD,Uranium,AUD,FX:AUDUSD,resource_exporter,2023,2021-01-01,2022-12-31,26.0,13.0,50.0,18597.481505045736,-7.9642647391533705,3.7194963010091464,-11.683761040162517,-0.06282442618368816,0.8294185650960902,1,0,0,0,1.0,0.0,0.5
Uranium__CAD__DERIVED:CADUSD,Uranium,CAD,DERIVED:CADUSD,resource_exporter,2023,2021-01-01,2022-12-31,27.0,16.0,59.25925925925925,23770.518148501797,75.91244111058131,4.754103629700359,71.15833748088093,0.29935543279424004,3.068643359266882,1,1,1,1,1.0,1.0,1.0
Wheat__USD__FX:EURUSD,Wheat,USD,FX:EURUSD,usd_inverse_macro,2023,2021-01-01,2022-12-31,47.0,20.0,42.5531914893617,32063.12101369404,-47.71714978676721,6.412624202738808,-54.129773989506035,-0.16882253591715982,0.5781314678618029,1,0,0,0,1.0,0.0,0.5
Zinc__AUD__FX:AUDUSD,Zinc,AUD,FX:AUDUSD,industrial_metal,2023,2021-01-01,2022-12-31,0.0,0.0,0.0,0.0,0.0,0.0,0.0,0.0,0.0,0,0,0,0,1.0,0.0,0.5
Aluminum__AUD__FX:AUDUSD,Aluminum,AUD,FX:AUDUSD,industrial_metal,2024,2022-01-01,2023-12-31,18.0,9.0,50.0,16148.607117879046,8.472391979111684,3.229721423575809,5.242670555535877,0.03246515638944127,1.0905360855965078,0,1,1,0,1.0,0.0,0.5
Brent Oil__CAD__DERIVED:CADUSD,Brent Oil,CAD,DERIVED:CADUSD,exporter,2024,2022-01-01,2023-12-31,25.0,12.0,48.0,9421.38623415027,-32.170526286947315,1.8842772468300535,-34.05480353377737,-0.3614627687201365,0.21275467752806332,1,0,0,0,1.0,0.0,0.5
Cattle__AUD__FX:AUDUSD,Cattle,AUD,FX:AUDUSD,agri_exporter,2024,2022-01-01,2023-12-31,30.0,15.0,50.0,34571.7705131093,-12.576740850899728,6.914354102621862,-19.491094953521596,-0.056378642644670886,0.8978307092712497,1,0,0,0,1.0,0.0,0.5
Coal__AUD__FX:AUDUSD,Coal,AUD,FX:AUDUSD,exporter,2024,2022-01-01,2023-12-31,32.0,10.0,31.25,40798.54021445932,-224.09170100858205,8.159708042891864,-232.25140905147393,-0.5692640173659014,0.3399318744384353,1,0,0,0,1.0,0.0,0.5
Cocoa__GBP__FX:GBPUSD,Cocoa,GBP,FX:GBPUSD,market_center_experimental,2024,2022-01-01,2023-12-31,157.0,81.0,51.59235668789809,87690.71163351242,60.15428910070424,17.538142326702484,42.61614677400176,0.048598244876958345,1.154431236563614,1,1,1,1,1.0,1.0,1.0
Coffee__BRL__FX_IDC:BRLUSD,Coffee,BRL,FX_IDC:BRLUSD,exporter,2024,2022-01-01,2023-12-31,60.0,26.0,43.333333333333336,51881.76233681233,-18.27355862438625,10.376352467362468,-28.64991109174871,-0.055221545686431645,0.8809302990778806,1,0,0,0,1.0,0.0,0.5
Copper__AUD__FX:AUDUSD,Copper,AUD,FX:AUDUSD,exporter_china_demand,2024,2022-01-01,2023-12-31,19.0,7.0,36.84210526315789,19342.82582077472,-14.51841987793643,3.8685651641549437,-18.386985042091368,-0.09505842224119729,0.7155014178425404,0,0,0,0,1.0,0.0,0.5
Corn__BRL__FX_IDC:BRLUSD,Corn,BRL,FX_IDC:BRLUSD,exporter,2024,2022-01-01,2023-12-31,54.0,26.0,48.148148148148145,38636.2968868985,16.711220751215286,7.7272593773797,8.983961373835596,0.023252646080794668,1.0468838576746187,1,1,1,1,1.0,1.0,1.0
Cotton__USD__FX:EURUSD,Cotton,USD,FX:EURUSD,usd_inverse_macro,2024,2022-01-01,2023-12-31,46.0,21.0,45.65217391304348,30909.374647585944,55.84157635990933,6.18187492951719,49.65970143039214,0.16066226507843834,1.8212140331899596,1,1,1,1,1.0,1.0,1.0
Crude Oil__CAD__DERIVED:CADUSD,Crude Oil,CAD,DERIVED:CADUSD,exporter,2024,2022-01-01,2023-12-31,36.0,15.0,41.66666666666667,28827.508992655276,-39.38667430567541,5.765501798531056,-45.15217610420648,-0.15662878161172522,0.5074811990075562,1,0,0,0,1.0,0.0,0.5
Gasoline__CAD__DERIVED:CADUSD,Gasoline,CAD,DERIVED:CADUSD,energy_exporter,2024,2022-01-01,2023-12-31,21.0,10.0,47.61904761904761,17956.8314041785,-7.782925622620917,3.5913662808357003,-11.374291903456614,-0.06334242187521931,0.77453971349063,1,0,0,0,1.0,0.0,0.5
Gold__AUD__FX:AUDUSD,Gold,AUD,FX:AUDUSD,exporter,2024,2022-01-01,2023-12-31,19.0,11.0,57.89473684210527,21742.625707054965,50.06305351091362,4.3485251414109936,45.71452836950262,0.2102530254874844,1.7830329991340752,0,1,1,0,1.0,0.0,0.5
Gold__USD__FX:EURUSD,Gold,USD,FX:EURUSD,usd_inverse_macro,2024,2022-01-01,2023-12-31,55.0,24.0,43.63636363636363,38797.37306690361,32.49136361727149,7.75947461338072,24.731889003890775,0.06374629787754496,1.2923200449097243,1,1,1,1,1.0,1.0,1.0
Heating Oil__CAD__DERIVED:CADUSD,Heating Oil,CAD,DERIVED:CADUSD,energy_exporter,2024,2022-01-01,2023-12-31,22.0,13.0,59.09090909090909,20202.65985771538,32.701506703523094,4.040531971543076,28.66097473198002,0.1418673329840497,1.6992409289560946,1,1,1,1,1.0,1.0,1.0
Iron Ore__AUD__FX:AUDUSD,Iron Ore,AUD,FX:AUDUSD,exporter,2024,2022-01-01,2023-12-31,15.0,10.0,66.66666666666666,9175.19505557484,7.967200830140516,1.8350390111149684,6.132161819025548,0.06683413030330784,1.1913598655655595,0,1,1,0,1.0,0.0,0.5
Iron Ore__BRL__FX_IDC:BRLUSD,Iron Ore,BRL,FX_IDC:BRLUSD,exporter,2024,2022-01-01,2023-12-31,34.0,18.0,52.94117647058824,30653.379853633905,147.57296471003224,6.130675970726782,141.44228873930547,0.4614247740858427,2.129411136232071,1,1,1,1,1.0,1.0,1.0
LNG__AUD__FX:AUDUSD,LNG,AUD,FX:AUDUSD,exporter,2024,2022-01-01,2023-12-31,0.0,0.0,0.0,0.0,0.0,0.0,0.0,0.0,0.0,0,0,0,0,1.0,0.0,0.5
LNG__CAD__DERIVED:CADUSD,LNG,CAD,DERIVED:CADUSD,exporter,2024,2022-01-01,2023-12-31,0.0,0.0,0.0,0.0,0.0,0.0,0.0,0.0,0.0,0,0,0,0,1.0,0.0,0.5
Lithium Hydroxide__AUD__FX:AUDUSD,Lithium Hydroxide,AUD,FX:AUDUSD,exporter,2024,2022-01-01,2023-12-31,18.0,5.0,27.77777777777778,14933.841282802654,-74.77018505033753,2.9867682565605302,-77.75695330689805,-0.5206761732257095,0.2902030235773003,0,0,0,0,1.0,0.0,0.5
Lithium__AUD__FX:AUDUSD,Lithium,AUD,FX:AUDUSD,exporter,2024,2022-01-01,2023-12-31,37.0,21.0,56.75675675675676,35256.28562486618,85.38262624726438,7.051257124973235,78.33136912229114,0.22217703236169667,1.7144346866777287,1,1,1,1,1.0,1.0,1.0
Lumber__CAD__DERIVED:CADUSD,Lumber,CAD,DERIVED:CADUSD,exporter,2024,2022-01-01,2023-12-31,45.0,20.0,44.44444444444444,41350.12047721092,-29.639958492855104,8.270024095442183,-37.90998258829729,-0.09168046465351999,0.732410951187707,1,0,0,0,1.0,0.0,0.5
Natural Gas__CAD__DERIVED:CADUSD,Natural Gas,CAD,DERIVED:CADUSD,exporter,2024,2022-01-01,2023-12-31,33.0,14.0,42.42424242424242,37399.39807975872,11.820983194482508,7.479879615951746,4.341103578530756,0.011607415630788575,1.059137020689496,1,1,1,1,1.0,1.0,1.0
Nickel__AUD__FX:AUDUSD,Nickel,AUD,FX:AUDUSD,industrial_metal,2024,2022-01-01,2023-12-31,0.0,0.0,0.0,0.0,0.0,0.0,0.0,0.0,0.0,0,0,0,0,1.0,0.0,0.5
Palladium__USD__FX:EURUSD,Palladium,USD,FX:EURUSD,usd_inverse_macro,2024,2022-01-01,2023-12-31,46.0,20.0,43.47826086956522,35128.21920626285,-37.417390442519824,7.025643841252572,-44.4430342837724,-0.12651661623612517,0.6182027397972307,1,0,0,0,1.0,0.0,0.5
Platinum__USD__FX:EURUSD,Platinum,USD,FX:EURUSD,usd_inverse_macro,2024,2022-01-01,2023-12-31,28.0,14.0,50.0,24581.77568116635,8.733079563542054,4.91635513623327,3.816724427308786,0.015526642488374098,1.0715554603597406,1,1,1,1,1.0,1.0,1.0
Silver__USD__FX:EURUSD,Silver,USD,FX:EURUSD,usd_inverse_macro,2024,2022-01-01,2023-12-31,19.0,8.0,42.10526315789473,16911.044859023943,-2.7546592606528977,3.3822089718047894,-6.136868232457692,-0.03628911331982532,0.8664782644789323,0,0,0,0,1.0,0.0,0.5
Soybeans__BRL__FX_IDC:BRLUSD,Soybeans,BRL,FX_IDC:BRLUSD,exporter,2024,2022-01-01,2023-12-31,43.0,19.0,44.18604651162791,44039.865072954635,-36.564354470811494,8.807973014590928,-45.37232748540241,-0.10302558241320783,0.840145419762004,1,0,0,0,1.0,0.0,0.5
Sugar__BRL__FX_IDC:BRLUSD,Sugar,BRL,FX_IDC:BRLUSD,exporter,2024,2022-01-01,2023-12-31,38.0,15.0,39.473684210526315,39341.902314031584,-141.8279788586836,7.868380462806316,-149.6963593214899,-0.3805010701480481,0.3906329633294347,1,0,0,0,1.0,0.0,0.5
Uranium__AUD__FX:AUDUSD,Uranium,AUD,FX:AUDUSD,resource_exporter,2024,2022-01-01,2023-12-31,30.0,13.0,43.333333333333336,21625.068581177413,-61.75782326321452,4.325013716235483,-66.08283697944998,-0.30558440418990795,0.399160830409253,1,0,0,0,1.0,0.0,0.5
Uranium__CAD__DERIVED:CADUSD,Uranium,CAD,DERIVED:CADUSD,resource_exporter,2024,2022-01-01,2023-12-31,31.0,18.0,58.06451612903226,32794.98069596123,46.13864787776486,6.558996139192247,39.579651738572615,0.12068813854629568,1.7326856394872487,1,1,1,1,1.0,1.0,1.0
Wheat__USD__FX:EURUSD,Wheat,USD,FX:EURUSD,usd_inverse_macro,2024,2022-01-01,2023-12-31,46.0,20.0,43.47826086956522,28443.089087940498,-19.000330292468135,5.6886178175881,-24.68894811005623,-0.08680121921259258,0.7860581798622597,1,0,0,0,1.0,0.0,0.5
Zinc__AUD__FX:AUDUSD,Zinc,AUD,FX:AUDUSD,industrial_metal,2024,2022-01-01,2023-12-31,0.0,0.0,0.0,0.0,0.0,0.0,0.0,0.0,0.0,0,0,0,0,1.0,0.0,0.5
Aluminum__AUD__FX:AUDUSD,Aluminum,AUD,FX:AUDUSD,industrial_metal,2025,2023-01-01,2024-12-31,14.0,6.0,42.857142857142854,14339.614824785021,-31.385033575700245,2.8679229649570037,-34.25295654065724,-0.2388694324024199,0.4726266262338981,0,0,0,0,1.0,0.0,0.5
Brent Oil__CAD__DERIVED:CADUSD,Brent Oil,CAD,DERIVED:CADUSD,exporter,2025,2023-01-01,2024-12-31,12.0,5.0,41.66666666666667,6437.485529571436,-5.2316028113975666,1.287497105914287,-6.519099917311855,-0.10126779916421577,0.2790391260382321,0,0,0,0,1.0,0.0,0.5
Cattle__AUD__FX:AUDUSD,Cattle,AUD,FX:AUDUSD,agri_exporter,2025,2023-01-01,2024-12-31,30.0,12.0,40.0,36963.866512795896,-40.33290936451522,7.3927733025591795,-47.7256826670744,-0.12911442218998667,0.7007501761094512,1,0,0,0,1.0,0.0,0.5
Coal__AUD__FX:AUDUSD,Coal,AUD,FX:AUDUSD,exporter,2025,2023-01-01,2024-12-31,25.0,10.0,40.0,27712.924367331198,-51.60183105502592,5.5425848734662395,-57.14441592849216,-0.2062013202614433,0.6351487527186426,1,0,0,0,1.0,0.0,0.5
Cocoa__GBP__FX:GBPUSD,Cocoa,GBP,FX:GBPUSD,market_center_experimental,2025,2023-01-01,2024-12-31,168.0,83.0,49.404761904761905,75749.2078018241,16.81591274168195,15.14984156036482,1.666071181317129,0.0021994569047849616,1.0088688522805858,1,1,1,1,1.0,1.0,1.0
Coffee__BRL__FX_IDC:BRLUSD,Coffee,BRL,FX_IDC:BRLUSD,exporter,2025,2023-01-01,2024-12-31,51.0,23.0,45.09803921568628,40882.86149651373,-53.79218138933545,8.176572299302746,-61.9687536886382,-0.151576360901065,0.6653456214062983,1,0,0,0,1.0,0.0,0.5
Copper__AUD__FX:AUDUSD,Copper,AUD,FX:AUDUSD,exporter_china_demand,2025,2023-01-01,2024-12-31,24.0,8.0,33.33333333333333,21441.29437155622,20.720110517424118,4.288258874311244,16.43185164311287,0.07663647239931176,1.3262951478522758,1,1,1,1,1.0,1.0,1.0
Corn__BRL__FX_IDC:BRLUSD,Corn,BRL,FX_IDC:BRLUSD,exporter,2025,2023-01-01,2024-12-31,56.0,31.0,55.35714285714286,49915.875071640825,116.99853593911214,9.983175014328165,107.015360924784,0.214391435131994,1.633725846173226,1,1,1,1,1.0,1.0,1.0
Cotton__USD__FX:EURUSD,Cotton,USD,FX:EURUSD,usd_inverse_macro,2025,2023-01-01,2024-12-31,58.0,30.0,51.724137931034484,25132.869140422143,36.542206406264,5.0265738280844285,31.51563257817957,0.1253960795406832,1.9502300804594954,1,1,1,1,1.0,1.0,1.0
Crude Oil__CAD__DERIVED:CADUSD,Crude Oil,CAD,DERIVED:CADUSD,exporter,2025,2023-01-01,2024-12-31,26.0,13.0,50.0,20465.57317628214,-3.6673636579876963,4.093114635256428,-7.760478293244129,-0.03791967235121401,0.7994264862227201,1,0,0,0,1.0,0.0,0.5
Gasoline__CAD__DERIVED:CADUSD,Gasoline,CAD,DERIVED:CADUSD,energy_exporter,2025,2023-01-01,2024-12-31,22.0,8.0,36.36363636363637,14457.155753293015,-28.20437976505392,2.891431150658603,-31.095810915712523,-0.21508940933025222,0.32629935862788356,1,0,0,0,1.0,0.0,0.5
Gold__AUD__FX:AUDUSD,Gold,AUD,FX:AUDUSD,exporter,2025,2023-01-01,2024-12-31,28.0,13.0,46.42857142857143,36049.22684557528,-3.9779097296881765,7.209845369115054,-11.187755098803231,-0.031034660318037942,0.8843287214636631,1,0,0,0,1.0,0.0,0.5
Gold__USD__FX:EURUSD,Gold,USD,FX:EURUSD,usd_inverse_macro,2025,2023-01-01,2024-12-31,59.0,31.0,52.54237288135594,39421.04974815637,13.561096872258444,7.884209949631274,5.67688692262718,0.014400648787625637,1.063917609230584,1,1,1,1,1.0,1.0,1.0
Heating Oil__CAD__DERIVED:CADUSD,Heating Oil,CAD,DERIVED:CADUSD,energy_exporter,2025,2023-01-01,2024-12-31,17.0,8.0,47.05882352941176,13561.416381935278,-29.113834488445537,2.7122832763870557,-31.82611776483259,-0.23468137006122108,0.18549016865913198,0,0,0,0,1.0,0.0,0.5
Iron Ore__AUD__FX:AUDUSD,Iron Ore,AUD,FX:AUDUSD,exporter,2025,2023-01-01,2024-12-31,19.0,13.0,68.42105263157895,11514.218664334838,52.67521165428629,2.3028437328669673,50.372367921419304,0.43747968828703193,3.5463475274004117,0,1,1,0,1.0,0.0,0.5
Iron Ore__BRL__FX_IDC:BRLUSD,Iron Ore,BRL,FX_IDC:BRLUSD,exporter,2025,2023-01-01,2024-12-31,36.0,20.0,55.55555555555556,28209.800003404438,66.59189093572793,5.641960000680888,60.94993093504704,0.2160594223556758,1.5032423916331037,1,1,1,1,1.0,1.0,1.0
LNG__AUD__FX:AUDUSD,LNG,AUD,FX:AUDUSD,exporter,2025,2023-01-01,2024-12-31,3.0,3.0,100.0,912.3002053095838,7.39551109052091,0.18246004106191674,7.213051049458993,0.7906444619303012,inf,0,1,1,0,1.0,0.0,0.5
LNG__CAD__DERIVED:CADUSD,LNG,CAD,DERIVED:CADUSD,exporter,2025,2023-01-01,2024-12-31,9.0,6.0,66.66666666666666,7783.898873274964,17.19848714399759,1.5567797746549927,15.641707369342594,0.20094951930897284,6.704369064933756,0,1,1,0,1.0,0.0,0.5
Lithium Hydroxide__AUD__FX:AUDUSD,Lithium Hydroxide,AUD,FX:AUDUSD,exporter,2025,2023-01-01,2024-12-31,18.0,8.0,44.44444444444444,13016.052647033115,-22.06651356463401,2.6032105294066232,-24.66972409404063,-0.1895330693800156,0.5446771071807744,0,0,0,0,1.0,0.0,0.5
Lithium__AUD__FX:AUDUSD,Lithium,AUD,FX:AUDUSD,exporter,2025,2023-01-01,2024-12-31,43.0,19.0,44.18604651162791,42690.34199230597,36.07129012638313,8.538068398461196,27.533221727921934,0.06449520065424684,1.2410603376764424,1,1,1,1,1.0,1.0,1.0
Lumber__CAD__DERIVED:CADUSD,Lumber,CAD,DERIVED:CADUSD,exporter,2025,2023-01-01,2024-12-31,52.0,26.0,50.0,45130.76109759169,48.88236789682776,9.02615221951834,39.85621567730942,0.08831274879482647,1.4311224558782836,1,1,1,1,1.0,1.0,1.0
Natural Gas__CAD__DERIVED:CADUSD,Natural Gas,CAD,DERIVED:CADUSD,exporter,2025,2023-01-01,2024-12-31,29.0,12.0,41.37931034482759,32185.430860327975,15.97490439495425,6.437086172065593,9.537818222888646,0.029633961602934567,1.1966286760401619,1,1,1,1,1.0,1.0,1.0
Nickel__AUD__FX:AUDUSD,Nickel,AUD,FX:AUDUSD,industrial_metal,2025,2023-01-01,2024-12-31,1.0,0.0,0.0,825.0403563801893,-1.7259746327835515,0.16500807127603787,-1.8909827040595892,-0.2291988130563882,0.0,0,0,0,0,1.0,0.0,0.5
Palladium__USD__FX:EURUSD,Palladium,USD,FX:EURUSD,usd_inverse_macro,2025,2023-01-01,2024-12-31,44.0,18.0,40.909090909090914,29949.568163549568,-5.072005798895439,5.9899136327099125,-11.061919431605359,-0.036935155028606996,0.8274237662458078,1,0,0,0,1.0,0.0,0.5
Platinum__USD__FX:EURUSD,Platinum,USD,FX:EURUSD,usd_inverse_macro,2025,2023-01-01,2024-12-31,18.0,8.0,44.44444444444444,14613.743410284504,-20.401897129855225,2.9227486820569006,-23.32464581191213,-0.15960760468462368,0.2835486033120438,0,0,0,0,1.0,0.0,0.5
Silver__USD__FX:EURUSD,Silver,USD,FX:EURUSD,usd_inverse_macro,2025,2023-01-01,2024-12-31,21.0,12.0,57.14285714285714,20578.18769084419,11.715048975784203,4.115637538168837,7.599411437615363,0.03692944953066277,1.2509079776888052,1,1,1,1,1.0,1.0,1.0
Soybeans__BRL__FX_IDC:BRLUSD,Soybeans,BRL,FX_IDC:BRLUSD,exporter,2025,2023-01-01,2024-12-31,41.0,23.0,56.09756097560976,35195.89785076745,98.78138865992045,7.0391795701534905,91.74220908976696,0.26066165289704785,1.8442855412243373,1,1,1,1,1.0,1.0,1.0
Sugar__BRL__FX_IDC:BRLUSD,Sugar,BRL,FX_IDC:BRLUSD,exporter,2025,2023-01-01,2024-12-31,43.0,19.0,44.18604651162791,51153.41720695915,-92.4448253110725,10.23068344139183,-102.67550875246432,-0.20072072279561387,0.5862599143293665,1,0,0,0,1.0,0.0,0.5
Uranium__AUD__FX:AUDUSD,Uranium,AUD,FX:AUDUSD,resource_exporter,2025,2023-01-01,2024-12-31,22.0,8.0,36.36363636363637,15973.893004015012,-59.331041233218464,3.1947786008030024,-62.52581983402147,-0.3914250572374919,0.3141680848264539,1,0,0,0,1.0,0.0,0.5
Uranium__CAD__DERIVED:CADUSD,Uranium,CAD,DERIVED:CADUSD,resource_exporter,2025,2023-01-01,2024-12-31,40.0,20.0,50.0,46837.38272952578,13.823084403494882,9.367476545905156,4.455607857589733,0.009512930906749763,1.0437428470734063,1,1,1,1,1.0,1.0,1.0
Wheat__USD__FX:EURUSD,Wheat,USD,FX:EURUSD,usd_inverse_macro,2025,2023-01-01,2024-12-31,36.0,14.0,38.88888888888889,16993.20928172081,12.96763684697635,3.398641856344162,9.568994990632188,0.05631069936227601,1.2453366601891602,1,1,1,1,1.0,1.0,1.0
Zinc__AUD__FX:AUDUSD,Zinc,AUD,FX:AUDUSD,industrial_metal,2025,2023-01-01,2024-12-31,0.0,0.0,0.0,0.0,0.0,0.0,0.0,0.0,0.0,0,0,0,0,1.0,0.0,0.5
Aluminum__AUD__FX:AUDUSD,Aluminum,AUD,FX:AUDUSD,industrial_metal,2026,2024-01-01,2025-12-31,7.0,4.0,57.14285714285714,5380.759532266954,4.793883968051179,1.0761519064533909,3.7177320615977862,0.0690930720710256,1.244735490052241,0,1,1,0,1.0,0.0,0.5
Brent Oil__CAD__DERIVED:CADUSD,Brent Oil,CAD,DERIVED:CADUSD,exporter,2026,2024-01-01,2025-12-31,8.0,2.0,25.0,3992.9009718369666,-4.617786951785553,0.7985801943673934,-5.416367146152946,-0.13564992431207484,0.13239582414123952,0,0,0,0,1.0,0.0,0.5
Cattle__AUD__FX:AUDUSD,Cattle,AUD,FX:AUDUSD,agri_exporter,2026,2024-01-01,2025-12-31,29.0,11.0,37.93103448275862,39574.54721161164,-40.83300588064162,7.914909442322328,-48.74791532296396,-0.12317996984855141,0.6403808122548778,1,0,0,0,1.0,0.0,0.5
Coal__AUD__FX:AUDUSD,Coal,AUD,FX:AUDUSD,exporter,2026,2024-01-01,2025-12-31,26.0,14.0,53.84615384615385,26521.928986121122,5.403286492044312,5.304385797224224,0.09890069482008279,0.00037290158974423524,1.0011622724838787,1,1,1,1,1.0,1.0,1.0
Cocoa__GBP__FX:GBPUSD,Cocoa,GBP,FX:GBPUSD,market_center_experimental,2026,2024-01-01,2025-12-31,167.0,76.0,45.50898203592814,47106.96373302482,39.29628334266922,9.421392746604965,29.874890596064255,0.06341926591868233,1.3166262521768435,1,1,1,1,1.0,1.0,1.0
Coffee__BRL__FX_IDC:BRLUSD,Coffee,BRL,FX_IDC:BRLUSD,exporter,2026,2024-01-01,2025-12-31,58.0,33.0,56.896551724137936,66757.27204373473,216.98379707391013,13.351454408746946,203.63234266516315,0.3050339482592359,2.52189265057871,1,1,1,1,1.0,1.0,1.0
Copper__AUD__FX:AUDUSD,Copper,AUD,FX:AUDUSD,exporter_china_demand,2026,2024-01-01,2025-12-31,25.0,12.0,48.0,22032.673972866538,47.739866594482386,4.406534794573308,43.333331799909075,0.1966775882640233,1.8041648467116855,1,1,1,1,1.0,1.0,1.0
Corn__BRL__FX_IDC:BRLUSD,Corn,BRL,FX_IDC:BRLUSD,exporter,2026,2024-01-01,2025-12-31,50.0,24.0,48.0,40540.36766504875,74.39054349827344,8.108073533009748,66.28246996526369,0.16349745644366245,1.411027490363406,1,1,1,1,1.0,1.0,1.0
Cotton__USD__FX:EURUSD,Cotton,USD,FX:EURUSD,usd_inverse_macro,2026,2024-01-01,2025-12-31,69.0,36.0,52.17391304347826,19905.013629739307,11.371633142155815,3.981002725947862,7.390630416207957,0.037129491864129664,1.1929324157664078,1,1,1,1,1.0,1.0,1.0
Crude Oil__CAD__DERIVED:CADUSD,Crude Oil,CAD,DERIVED:CADUSD,exporter,2026,2024-01-01,2025-12-31,16.0,7.0,43.75,11792.517967599859,-4.633856542802956,2.3585035935199716,-6.992360136322927,-0.05929488643167264,0.6718465715203508,0,0,0,0,1.0,0.0,0.5
Gasoline__CAD__DERIVED:CADUSD,Gasoline,CAD,DERIVED:CADUSD,energy_exporter,2026,2024-01-01,2025-12-31,16.0,5.0,31.25,11084.051660658399,-28.24702030473766,2.21681033213168,-30.46383063686934,-0.2748438167696141,0.2753726733704239,0,0,0,0,1.0,0.0,0.5
Gold__AUD__FX:AUDUSD,Gold,AUD,FX:AUDUSD,exporter,2026,2024-01-01,2025-12-31,54.0,23.0,42.592592592592595,72752.70083613959,-82.9164318792697,14.55054016722792,-97.46697204649763,-0.13397024567654447,0.5572868959184863,1,0,0,0,1.0,0.0,0.5
Gold__USD__FX:EURUSD,Gold,USD,FX:EURUSD,usd_inverse_macro,2026,2024-01-01,2025-12-31,45.0,25.0,55.55555555555556,18790.042602910613,-3.76269728320103,3.758008520582122,-7.52070580378315,-0.040024953443257114,0.8414219626221769,1,0,0,0,1.0,0.0,0.5
Heating Oil__CAD__DERIVED:CADUSD,Heating Oil,CAD,DERIVED:CADUSD,energy_exporter,2026,2024-01-01,2025-12-31,17.0,9.0,52.94117647058824,13627.622401986073,-4.422279552789048,2.725524480397215,-7.14780403318626,-0.05245085182389958,0.6877587417797346,0,0,0,0,1.0,0.0,0.5
Iron Ore__AUD__FX:AUDUSD,Iron Ore,AUD,FX:AUDUSD,exporter,2026,2024-01-01,2025-12-31,26.0,14.0,53.84615384615385,28177.536147222963,14.206988153419209,5.635507229444592,8.571480923974612,0.030419554354184985,1.098321800080352,1,1,1,1,1.0,1.0,1.0
Iron Ore__BRL__FX_IDC:BRLUSD,Iron Ore,BRL,FX_IDC:BRLUSD,exporter,2026,2024-01-01,2025-12-31,24.0,16.0,66.66666666666666,13559.861212477375,13.561830281085975,2.711972242495475,10.849858038590499,0.0800145213035572,1.189322277057435,1,1,1,1,1.0,1.0,1.0
LNG__AUD__FX:AUDUSD,LNG,AUD,FX:AUDUSD,exporter,2026,2024-01-01,2025-12-31,4.0,4.0,100.0,2560.307195626924,10.883553804379467,0.5120614391253848,10.371492365254083,0.40508781067244115,inf,0,1,1,0,1.0,0.0,0.5
LNG__CAD__DERIVED:CADUSD,LNG,CAD,DERIVED:CADUSD,exporter,2026,2024-01-01,2025-12-31,35.0,24.0,68.57142857142857,28642.409107323052,82.45461330438488,5.7284818214646105,76.72613148292025,0.26787597089137155,3.9870467166959234,1,1,1,1,1.0,1.0,1.0
Lithium Hydroxide__AUD__FX:AUDUSD,Lithium Hydroxide,AUD,FX:AUDUSD,exporter,2026,2024-01-01,2025-12-31,14.0,6.0,42.857142857142854,12400.285493593821,2.4335060972448144,2.480057098718764,-0.046551001473951636,-0.0003754026590597499,0.9987984753604627,0,0,0,0,1.0,0.0,0.5
Lithium__AUD__FX:AUDUSD,Lithium,AUD,FX:AUDUSD,exporter,2026,2024-01-01,2025-12-31,37.0,10.0,27.027027027027028,33947.483954377014,-64.90125733321271,6.789496790875401,-71.69075412408812,-0.2111813476970351,0.4432096425776846,1,0,0,0,1.0,0.0,0.5
Lumber__CAD__DERIVED:CADUSD,Lumber,CAD,DERIVED:CADUSD,exporter,2026,2024-01-01,2025-12-31,35.0,15.0,42.857142857142854,22848.709577149806,13.676085410034883,4.569741915429962,9.106343494604918,0.03985495751458915,1.1841590491814644,1,1,1,1,1.0,1.0,1.0
Natural Gas__CAD__DERIVED:CADUSD,Natural Gas,CAD,DERIVED:CADUSD,exporter,2026,2024-01-01,2025-12-31,33.0,11.0,33.33333333333333,33969.179307085826,-4.775188366982353,6.793835861417164,-11.569024228399515,-0.03405741458695255,0.8528046928930183,1,0,0,0,1.0,0.0,0.5
Nickel__AUD__FX:AUDUSD,Nickel,AUD,FX:AUDUSD,industrial_metal,2026,2024-01-01,2025-12-31,4.0,3.0,75.0,2947.2673735244007,2.836143211324475,0.5894534747048801,2.246689736619595,0.07622958666057363,2.1881069730549987,0,1,1,0,1.0,0.0,0.5
Palladium__USD__FX:EURUSD,Palladium,USD,FX:EURUSD,usd_inverse_macro,2026,2024-01-01,2025-12-31,39.0,24.0,61.53846153846154,14694.273367613272,28.800945234727358,2.938854673522654,25.862090561204703,0.17600115306283684,2.7323918804950234,1,1,1,1,1.0,1.0,1.0
Platinum__USD__FX:EURUSD,Platinum,USD,FX:EURUSD,usd_inverse_macro,2026,2024-01-01,2025-12-31,13.0,5.0,38.46153846153847,5014.459693517405,-4.159167006290757,1.0028919387034811,-5.1620589449942385,-0.10294347268695063,0.3541477522245776,0,0,0,0,1.0,0.0,0.5
Silver__USD__FX:EURUSD,Silver,USD,FX:EURUSD,usd_inverse_macro,2026,2024-01-01,2025-12-31,15.0,9.0,60.0,12649.169425605314,5.318200527725539,2.5298338851210618,2.7883666426044744,0.022043871409928875,1.1693077837420511,0,1,1,0,1.0,0.0,0.5
Soybeans__BRL__FX_IDC:BRLUSD,Soybeans,BRL,FX_IDC:BRLUSD,exporter,2026,2024-01-01,2025-12-31,42.0,21.0,50.0,37588.54086291321,54.879865719926784,7.517708172582642,47.36215754734414,0.1260015857494327,1.3699557669582028,1,1,1,1,1.0,1.0,1.0
Sugar__BRL__FX_IDC:BRLUSD,Sugar,BRL,FX_IDC:BRLUSD,exporter,2026,2024-01-01,2025-12-31,44.0,18.0,40.909090909090914,50305.98693733937,-111.2413606504422,10.061197387467871,-121.30255803791007,-0.2411294667352483,0.479279383139123,1,0,0,0,1.0,0.0,0.5
Uranium__AUD__FX:AUDUSD,Uranium,AUD,FX:AUDUSD,resource_exporter,2026,2024-01-01,2025-12-31,4.0,1.0,25.0,2725.5760023975395,-17.70095326682619,0.5451152004795079,-18.246068467305697,-0.6694389901898034,0.12294058852785536,0,0,0,0,1.0,0.0,0.5
Uranium__CAD__DERIVED:CADUSD,Uranium,CAD,DERIVED:CADUSD,resource_exporter,2026,2024-01-01,2025-12-31,36.0,16.0,44.44444444444444,35238.83096672759,-25.680797992810945,7.047766193345517,-32.728564186156454,-0.09287641867875435,0.6079232910432343,1,0,0,0,1.0,0.0,0.5
Wheat__USD__FX:EURUSD,Wheat,USD,FX:EURUSD,usd_inverse_macro,2026,2024-01-01,2025-12-31,39.0,17.0,43.58974358974359,9595.616393982602,-10.011657385319936,1.9191232787965204,-11.93078066411646,-0.12433574013648811,0.6359547903821977,1,0,0,0,1.0,0.0,0.5
Zinc__AUD__FX:AUDUSD,Zinc,AUD,FX:AUDUSD,industrial_metal,2026,2024-01-01,2025-12-31,1.0,0.0,0.0,596.0006590573721,-0.9414205212855603,0.11920013181147442,-1.0606206530970348,-0.17795628863473079,0.0,0,0,0,0,1.0,0.0,0.5
